{
  "is_reliable": false,
  "features": {
    "recency": 2.4322615154219713,
    "frequency": 0.6080137719341687,
    "monetary": 0.04609265852633061
  }
}