{
  "is_reliable": false,
  "features": {
    "recency": 3.8105580916879807,
    "frequency": 0.8539322350873874,
    "monetary": 0.051362288855635645
  }
}