{
  "is_reliable": false,
  "features": {
    "recency": 1.4359434865871505,
    "frequency": 0.3974255110022762,
    "monetary": 0.018471864270169062
  }
}