{
  "is_reliable": false,
  "features": {
    "recency": 1.3402187139159474,
    "frequency": 0.48853200030264676,
    "monetary": 0.03508504999698171
  }
}