{
    "recency_scaled": {
        "decile_boundaries": [
            -1.2114829663252957,
            -1.070015040826965,
            -0.8342351649964138,
            -0.5512993139997523,
            -0.2683634630030909,
            0.5804440899868935,
            0.9105359161496652,
            1.1463157919802165,
            1.3349396926446573
        ],
        "histogram_counts": [
            306,
            141,
            263,
            285,
            186,
            407,
            133,
            86,
            44,
            69
        ]
    },
    "frequency_scaled": {
        "decile_boundaries": [
            -0.05347252226977664,
            0.4226102968587973,
            0.8986931159873712
        ],
        "histogram_counts": [
            1101,
            429,
            177,
            213
        ]
    },
    "monetary_log_scaled": {
        "decile_boundaries": [
            -0.6280187956560501,
            -0.36647426899458013,
            -0.18822262341223503,
            -0.028794827892904426,
            0.07706567277916106,
            0.2222010512431922,
            0.41333116292804006,
            0.6354571467921822,
            0.9076124795793106
        ],
        "histogram_counts": [
            150,
            138,
            134,
            156,
            185,
            241,
            237,
            248,
            222,
            209
        ]
    }
}